"0","mm <- model.matrix(~0 + group + mouse)"
"0","colnames(mm) <- make.names(colnames(mm))"
"0","y <- voom(d, mm, plot = F)"
"1","Coefficients not estimable:"
"1"," "
"1","mouse206 mouse7531"
"1"," "
"1","
"
"2","Warning: Partial NA coefficients for 17247 probe(s)"
"0","fit <- lmFit(y, mm)"
"1","Coefficients not estimable:"
"1"," "
"1","mouse206 mouse7531"
"1"," "
"1","
"
"2","Warning: Partial NA coefficients for 17247 probe(s)"
"0","contrast.matrix <- makeContrasts(groupKOMIR150.C - groupWT.C, levels=colnames(coef(fit)))"
"0","fit2 <- contrasts.fit(fit, contrast.matrix)"
"0","fit2 <- eBayes(fit2)"
"0","top.table <- topTable(fit2, sort.by = ""P"", n = Inf)"
"0","top.table$Gene.stable.ID.version <- rownames(top.table)"
"0","top.table <- left_join(top.table, anno, by = ""Gene.stable.ID.version"")"
